{
  "$schema": "https://ui.shadcn.com/schema.json",
  "style": "new-york",
  "rsc": false,
  "tsx": true,
  "tailwind": {
    "config": "tailwind.config.js",
    "css": "src/index.css",
    "baseColor": "neutral",
    "cssVariables": true,
    "prefix": ""
  },
  "iconLibrary": "lucide",
  "aliases": {
    "components": "@shared/components",
    "utils": "@shared/lib/utils",
    "ui": "@shared/components/ui",
    "lib": "@shared/lib",
    "hooks": "@shared/hooks"
  },
  "registries": {
    "@react-bits": "https://reactbits.dev/r/{name}.json"
  }
}
